event_id,match_folder,team_id,player_id,section,synced_frame_id,skeleton_frame,x,y,distance_to_goal,angle_to_goal,pressure,xg,shot_result,is_penalty,is_free_kick,is_corner,num_defenders_in_lane,keeper_distance_to_goal,keeper_x,keeper_y,type_of_shot,extended_type_of_shot,taker_ball_control,outcome_tag,assist_action,build_up,shot_foot,player_name,team_name,ball_height_m,family,parquet_key
18902400000023,Bayern_Hamburg,DFL-CLU-00000G,DFL-OBJ-J01R3R,firstHalf,12474,3335801,-44.3,21.51,23.06,6.63,0.0,0.0445,blockedShot,False,True,False,2.0,0.14,-52.36,0.51,leftLeg,,setPiece,BlockedShot,fouled,freeKick,left,Michael Olise,FC Bayern München,,dead_ball,"(1, 17)"
18902400000048,Bayern_Hamburg,DFL-CLU-00000G,DFL-OBJ-0027G6,firstHalf,13989,3338831,-45.07,17.16,18.77,9.24,0.36,0.0308,successfulShot,False,False,False,0.0,0.96,-51.53,3.48,rightLeg,,dribblingMore10m,SuccessfulShot,otherPassFromOpenPlay,passOpenPlay,right,Serge Gnabry,FC Bayern München,,open_play,"(1, 7)"
18902400000172,Bayern_Hamburg,DFL-CLU-00000G,DFL-OBJ-J01KAH,firstHalf,23248,3357349,-45.63,7.98,10.73,27.12,0.71,0.2268,successfulShot,False,False,False,1.0,1.99,-50.49,3.63,rightLeg,,direct,SuccessfulShot,otherPassFromOpenPlay,passOpenPlay,right,A. Pavlović,FC Bayern München,,open_play,"(1, 45)"
18902400000231,Bayern_Hamburg,DFL-CLU-00000G,DFL-OBJ-J01R3R,firstHalf,28638,3368129,-35.44,-1.25,17.1,24.12,0.15,0.1239,savedShot,False,False,False,0.0,1.95,-50.53,-0.54,leftLeg,,dribblingMore10m,SavedShot,otherPassFromOpenPlay,passOpenPlay,left,Michael Olise,FC Bayern München,,oneV,"(1, 17)"
18902400000339,Bayern_Hamburg,DFL-CLU-00000C,DFL-OBJ-J01N5U,firstHalf,36263,3383379,42.05,-6.56,12.31,28.75,0.73,0.1157,savedShot,False,False,False,1.0,1.36,51.17,-1.23,leftLeg,,dribblingMore10m,SavedShot,longPassFromOpenPlay,run,left,W. Mikelbrencis,Hamburger SV,,open_play,"(0, 2)"
18902400000398,Bayern_Hamburg,DFL-CLU-00000G,DFL-OBJ-J01DA7,firstHalf,41469,3393791,-51.7,-8.14,8.39,7.32,0.53,0.0939,savedShot,False,False,False,0.0,1.43,-51.58,-4.86,rightLeg,,dribblingMore10m,SavedShot,otherPassFromOpenPlay,run,right,Luis Díaz,FC Bayern München,,open_play,"(1, 14)"
18902400000439,Bayern_Hamburg,DFL-CLU-00000C,DFL-OBJ-002G8B,firstHalf,50192,3411237,40.3,14.64,19.14,14.24,0.88,0.0368,blockedShot,False,False,False,1.0,1.71,50.79,2.82,rightLeg,,dribblingMore10m,BlockedShot,header,run,right,R. Königsdörffer,Hamburger SV,,header,"(0, 11)"
18902400000444,Bayern_Hamburg,DFL-CLU-00000C,DFL-OBJ-J020IH,firstHalf,51576,3414005,42.32,-2.47,10.42,37.92,2.73,0.0397,shotWide,False,False,False,5.0,0.87,51.62,-0.82,head,frontalVolley,volley,ShotWide,cornerKick,cornerKick,,L. Vušković,Hamburger SV,,header,"(0, 44)"
18902400000451,Bayern_Hamburg,DFL-CLU-00000G,DFL-OBJ-J01DA7,firstHalf,52335,3415523,-30.38,-10.68,24.64,15.31,0.27,0.0275,successfulShot,False,False,False,1.0,1.61,-50.94,-0.62,rightLeg,,dribblingLess10m,SuccessfulShot,freeKick,freeKick,right,Luis Díaz,FC Bayern München,,dead_ball,"(1, 14)"
18902400000468,Bayern_Hamburg,DFL-CLU-00000C,DFL-OBJ-J01G5F,firstHalf,55308,3421469,37.84,-4.44,15.32,25.87,1.13,0.0238,shotWide,False,False,False,1.0,1.61,50.98,0.16,head,frontalVolley,volley,ShotWide,freeKick,freeKick,,W. Omari,Hamburger SV,,dead_ball,"(0, 17)"
18902400000477,Bayern_Hamburg,DFL-CLU-00000G,DFL-OBJ-J01DA7,firstHalf,56042,3422937,-44.7,-8.8,11.85,24.7,0.86,0.116,shotWide,False,False,False,1.0,2.13,-50.31,-3.79,leftLeg,,dribblingLess10m,ShotWide,otherPassFromOpenPlay,passOpenPlay,left,Luis Díaz,FC Bayern München,,open_play,"(1, 14)"
18902400000508,Bayern_Hamburg,DFL-CLU-00000G,DFL-OBJ-0027G6,firstHalf,58871,3428595,-42.91,-15.0,17.87,13.02,0.07,0.0424,blockedShot,False,False,False,0.0,1.21,-51.27,-2.82,rightLeg,,direct,BlockedShot,crossFromOpenPlay,crossOpenPlay,right,Serge Gnabry,FC Bayern München,,cutback,"(1, 7)"
18902400000546,Bayern_Hamburg,DFL-CLU-00000C,DFL-OBJ-J01H5G,firstHalf,62592,3436037,40.77,-11.15,16.41,18.85,0.95,0.0342,blockedShot,False,False,False,1.0,1.03,51.46,-1.8,head,frontalVolley,volley,BlockedShot,otherPassFromOpenPlay,passOpenPlay,,Nicolas Capaldo,Hamburger SV,,header,"(0, 24)"
18902400000599,Bayern_Hamburg,DFL-CLU-00000G,DFL-OBJ-J01DA7,firstHalf,66809,3444471,-13.74,2.94,39.03,10.68,0.6,0.0265,savedShot,False,False,False,1.0,15.27,-37.7,0.26,rightLeg,,direct,SavedShot,teammateAction,lossOfPossession,right,Luis Díaz,FC Bayern München,,long_range,"(1, 14)"
18902400000614,Bayern_Hamburg,DFL-CLU-00000G,DFL-OBJ-0027G6,firstHalf,68051,3446955,-31.73,4.07,21.19,19.28,0.97,0.0439,shotWide,False,False,False,2.0,1.73,-50.76,0.7,rightLeg,,controlShot,ShotWide,otherPassFromOpenPlay,passOpenPlay,right,Serge Gnabry,FC Bayern München,,open_play,"(1, 7)"
18902400000655,Bayern_Hamburg,DFL-CLU-00000G,DFL-OBJ-J01R3R,firstHalf,70770,3452393,-34.72,1.95,17.97,22.91,0.2,0.0938,savedShot,False,False,False,3.0,1.24,-51.25,0.43,leftLeg,,direct,SavedShot,otherPassFromOpenPlay,crossOpenPlay,left,Michael Olise,FC Bayern München,,open_play,"(1, 17)"
18902400000744,Bayern_Hamburg,DFL-CLU-00000G,DFL-OBJ-0002F5,firstHalf,77626,3466105,-43.07,13.3,16.29,15.39,0.13,0.0579,shotWide,False,False,False,0.0,1.92,-50.59,3.55,rightLeg,,dribblingLess10m,ShotWide,otherPassFromOpenPlay,passOpenPlay,right,Joshua Kimmich,FC Bayern München,,open_play,"(1, 6)"
18902400000773,Bayern_Hamburg,DFL-CLU-00000G,DFL-OBJ-0027T1,firstHalf,80303,3471459,-41.38,11.75,16.37,18.01,0.68,0.0695,blockedShot,False,False,False,1.0,2.14,-50.35,3.4,rightLeg,,direct,BlockedShot,otherPassFromOpenPlay,passOpenPlay,right,K. Laimer,FC Bayern München,,open_play,"(1, 27)"
18902400000865,Bayern_Hamburg,DFL-CLU-00000C,DFL-OBJ-J01N5U,secondHalf,102678,3541739,-36.03,13.46,21.52,15.24,0.4,0.0414,savedShot,False,False,False,0.0,2.31,-50.21,2.7,rightLeg,,dribblingMore10m,SavedShot,longPassFromOpenPlay,passOpenPlay,right,W. Mikelbrencis,Hamburger SV,,open_play,"(0, 2)"
18902400001042,Bayern_Hamburg,DFL-CLU-00000G,DFL-OBJ-J01R3R,secondHalf,116554,3569491,33.87,-12.12,22.21,15.86,0.54,0.0267,savedShot,False,False,False,2.0,1.08,51.44,-1.25,leftLeg,,controlShot,SavedShot,otherPassFromOpenPlay,passOpenPlay,left,Michael Olise,FC Bayern München,,long_range,"(1, 17)"
18902400001163,Bayern_Hamburg,DFL-CLU-00000G,DFL-OBJ-J00ZZ3,secondHalf,124418,3585219,40.9,-4.76,12.53,30.64,0.68,0.1166,successfulShot,False,False,False,1.0,2.06,50.43,-1.5,rightLeg,,dribblingLess10m,SuccessfulShot,otherPassFromOpenPlay,passOpenPlay,right,Harry Kane,FC Bayern München,,open_play,"(1, 9)"
18902400001197,Bayern_Hamburg,DFL-CLU-00000G,DFL-OBJ-J01UD5,secondHalf,131324,3599031,29.2,-11.73,26.29,14.22,0.93,0.0295,savedShot,False,False,False,1.0,2.16,50.35,-1.2,leftLeg,,dribblingMore10m,SavedShot,otherPassFromOpenPlay,passOpenPlay,left,L. Karl,FC Bayern München,,long_range,"(1, 42)"
18902400001288,Bayern_Hamburg,DFL-CLU-00000G,DFL-OBJ-J01KLU,secondHalf,138506,3613395,46.51,-13.89,15.24,11.65,0.4,0.0373,savedShot,False,False,False,0.0,1.1,51.43,-3.72,rightLeg,,direct,SavedShot,oneTwo,passOpenPlay,right,N. Jackson,FC Bayern München,,open_play,"(1, 11)"
18902400001294,Bayern_Hamburg,DFL-CLU-00000G,DFL-OBJ-J01K2F,secondHalf,138715,3613813,47.05,-2.7,6.08,59.21,0.73,0.3403,shotWide,False,False,False,2.0,0.46,52.01,0.03,head,frontalVolley,volley,ShotWide,header,passOpenPlay,,T. Bischof,FC Bayern München,,header,"(1, 20)"
18902400001301,Bayern_Hamburg,DFL-CLU-00000C,DFL-OBJ-J01FRO,secondHalf,139528,3615439,-44.43,-10.38,13.15,20.33,0.74,0.0987,blockedShot,False,False,False,1.0,1.33,-51.17,-3.28,leftLeg,,dribblingMore10m,BlockedShot,header,passOpenPlay,left,Fábio Vieira,Hamburger SV,,header,"(0, 20)"
18902400001348,Bayern_Hamburg,DFL-CLU-00000G,DFL-OBJ-J01K2F,secondHalf,145022,3626427,26.66,-3.88,26.15,15.77,0.03,0.0581,shotWide,False,True,False,5.0,0.43,52.07,0.88,leftLeg,,setPiece,ShotWide,fouled,freeKick,left,T. Bischof,FC Bayern München,,dead_ball,"(1, 20)"
18902400001476,Bayern_Hamburg,DFL-CLU-00000C,DFL-OBJ-0027HO,secondHalf,154454,3645291,-46.91,5.06,7.46,44.12,1.16,0.2122,shotWide,False,False,False,2.0,1.01,-51.56,-1.28,head,frontalVolley,volley,ShotWide,crossFromOpenPlay,crossOpenPlay,,Robert Glatzel,Hamburger SV,,header,"(0, 9)"
18902400001555,Bayern_Hamburg,DFL-CLU-00000G,DFL-OBJ-J01UD5,secondHalf,159713,3655809,36.7,-6.57,17.1,22.5,0.74,0.0736,shotWide,False,False,False,2.0,1.24,51.26,-0.18,leftLeg,,direct,ShotWide,otherPassFromOpenPlay,passOpenPlay,left,L. Karl,FC Bayern München,,open_play,"(1, 42)"
18902400001621,Bayern_Hamburg,DFL-CLU-00000G,DFL-OBJ-J01R3R,secondHalf,166389,3669161,35.61,12.69,21.15,15.92,0.83,0.0278,blockedShot,False,False,False,1.0,1.51,50.99,1.21,rightLeg,,dribblingLess10m,BlockedShot,otherPassFromOpenPlay,passOpenPlay,right,Michael Olise,FC Bayern München,,open_play,"(1, 17)"
18902400001669,Bayern_Hamburg,DFL-CLU-00000C,DFL-OBJ-0027HO,secondHalf,169682,3675747,-42.45,9.52,14.01,22.23,0.81,0.0536,shotWide,False,False,False,1.0,0.92,-51.63,1.92,head,frontalVolley,volley,ShotWide,freeKick,freeKick,,Robert Glatzel,Hamburger SV,,dead_ball,"(0, 9)"
18909700000246,Dortmund_Stuttgart,DFL-CLU-000007,DFL-OBJ-00278S,firstHalf,29050,2828212,44.91,-2.91,8.15,46.42,0.89,0.0295,shotWide,False,False,False,0.0,1.23,51.34,-0.43,head,frontalVolley,volley,ShotWide,otherPassFromOpenPlay,passOpenPlay,,Serhou Guirassy,Borussia Dortmund,,header,"(1, 9)"
18909700000264,Dortmund_Stuttgart,DFL-CLU-000007,DFL-OBJ-002G7P,firstHalf,31126,2832364,35.32,14.6,22.67,14.15,0.7,0.0277,blockedShot,False,False,False,1.0,2.55,49.94,1.8,rightLeg,,dribblingMore10m,BlockedShot,longPassFromOpenPlay,run,right,M. Beier,Borussia Dortmund,,long_range,"(1, 14)"
18909700000354,Dortmund_Stuttgart,DFL-CLU-00000D,DFL-OBJ-J01EAG,firstHalf,38038,2846188,-43.91,-8.43,12.12,25.6,0.66,0.0509,shotWide,False,False,False,1.0,1.6,-50.89,-2.96,rightLeg,,direct,ShotWide,otherPassFromOpenPlay,passOpenPlay,right,Tiago Tomás,VfB Stuttgart,,open_play,"(0, 8)"
18909700000381,Dortmund_Stuttgart,DFL-CLU-00000D,DFL-OBJ-J01EAG,firstHalf,40268,2850648,-43.46,-7.99,12.1,26.32,1.17,0.1406,blockedShot,False,False,False,1.0,3.67,-48.78,-3.69,leftLeg,,dribblingLess10m,BlockedShot,otherPassFromOpenPlay,passOpenPlay,left,Tiago Tomás,VfB Stuttgart,,open_play,"(0, 8)"
18909700000470,Dortmund_Stuttgart,DFL-CLU-000007,DFL-OBJ-J01R3Q,firstHalf,48417,2866946,46.38,-18.03,19.09,7.48,0.46,0.0215,shotWide,False,False,False,0.0,1.36,51.15,-3.04,rightLeg,,direct,ShotWide,otherPassFromOpenPlay,passOpenPlay,right,Carney Chukwuemeka,Borussia Dortmund,,open_play,"(1, 17)"
18909700000483,Dortmund_Stuttgart,DFL-CLU-000007,DFL-OBJ-002G7P,firstHalf,50030,2870172,35.93,7.81,18.31,20.59,0.64,0.0817,otherShot,False,False,False,1.0,1.81,50.7,1.81,rightLeg,,dribblingMore10m,OtherShot,longPassFromOpenPlay,run,right,M. Beier,Borussia Dortmund,,open_play,"(1, 14)"
18909700000527,Dortmund_Stuttgart,DFL-CLU-000007,DFL-OBJ-J01UP1,firstHalf,54243,2878598,32.48,-5.21,20.67,19.48,0.85,0.0403,shotWide,False,False,False,4.0,1.2,51.28,-0.69,rightLeg,,dribblingLess10m,ShotWide,otherPassFromOpenPlay,passOpenPlay,right,Jobe Bellingham,Borussia Dortmund,,open_play,"(1, 7)"
18909700000559,Dortmund_Stuttgart,DFL-CLU-000007,DFL-OBJ-0028RM,firstHalf,62459,2895030,41.64,-11.4,15.94,18.44,0.72,0.0655,blockedShot,False,False,False,2.0,1.97,50.51,-2.84,leftLeg,,dribblingMore10m,BlockedShot,otherPassFromOpenPlay,passOpenPlay,left,J. Ryerson,Borussia Dortmund,,open_play,"(1, 26)"
18909700000563,Dortmund_Stuttgart,DFL-CLU-000007,DFL-OBJ-J01UP1,firstHalf,62571,2895254,33.97,-1.92,18.76,21.96,0.0,0.0388,blockedShot,False,False,False,2.0,0.55,51.94,0.0,rightLeg,frontalVolley,volley,BlockedShot,teammateAction,passOpenPlay,right,Jobe Bellingham,Borussia Dortmund,,volley,"(1, 7)"
18909700000603,Dortmund_Stuttgart,DFL-CLU-00000D,DFL-OBJ-J01EAG,firstHalf,65096,2900304,-37.63,14.07,20.56,15.03,0.36,0.0545,savedShot,False,False,False,0.0,2.97,-49.56,2.6,rightLeg,,dribblingLess10m,SavedShot,otherPassFromOpenPlay,passOpenPlay,right,Tiago Tomás,VfB Stuttgart,,open_play,"(0, 8)"
18909700000674,Dortmund_Stuttgart,DFL-CLU-000007,DFL-OBJ-00278S,firstHalf,71323,2912758,39.01,-8.81,16.06,21.88,0.72,0.0721,savedShot,False,False,False,1.0,1.67,50.85,-1.96,leftLeg,,dribblingLess10m,SavedShot,otherPassFromOpenPlay,passOpenPlay,left,Serhou Guirassy,Borussia Dortmund,,open_play,"(1, 9)"
18909700000676,Dortmund_Stuttgart,DFL-CLU-000007,DFL-OBJ-002G7P,firstHalf,71372,2912856,48.76,3.51,5.3,61.91,0.89,0.6736,savedShot,False,False,False,0.0,2.57,49.93,1.46,rightLeg,,direct,SavedShot,shot,passOpenPlay,right,M. Beier,Borussia Dortmund,,oneV,"(1, 14)"
18909700000678,Dortmund_Stuttgart,DFL-CLU-000007,DFL-OBJ-002G7P,firstHalf,71407,2912926,49.04,-1.94,3.99,84.46,0.8,0.9725,successfulShot,False,False,False,1.0,2.55,49.93,1.88,rightLeg,,dribblingLess10m,SuccessfulShot,shot,passOpenPlay,right,M. Beier,Borussia Dortmund,,open_play,"(1, 14)"
18909700000717,Dortmund_Stuttgart,DFL-CLU-000007,DFL-OBJ-000280,firstHalf,75792,2921696,43.51,13.62,16.44,14.56,0.06,0.0589,blockedShot,False,False,False,1.0,1.32,51.18,3.4,leftLeg,,dribblingMore10m,BlockedShot,otherPassFromOpenPlay,run,left,J. Brandt,Borussia Dortmund,,open_play,"(1, 10)"
18909700000825,Dortmund_Stuttgart,DFL-CLU-00000D,DFL-OBJ-002G41,secondHalf,100562,2985204,37.09,9.27,17.98,19.95,1.06,0.0423,blockedShot,False,False,False,3.0,1.83,50.66,1.87,rightLeg,,dribblingLess10m,BlockedShot,otherPassFromOpenPlay,passOpenPlay,right,J. Leweling,VfB Stuttgart,,open_play,"(0, 18)"
18909700000857,Dortmund_Stuttgart,DFL-CLU-00000D,DFL-OBJ-0027YK,secondHalf,102848,2989776,47.89,4.39,6.365862078304869,0.0,0.0,0.0,successfulShot,False,False,False,,,50.44,3.12,rightLeg,frontalVolley,volley,SuccessfulShot,header,crossOpenPlay,right,D. Undav,VfB Stuttgart,,header,"(0, 26)"
18909700000884,Dortmund_Stuttgart,DFL-CLU-00000D,DFL-OBJ-J01G5D,secondHalf,105280,2994640,42.8,-10.48,14.36,20.32,1.26,0.073,shotWide,False,False,False,2.0,2.53,49.97,-3.37,rightLeg,,dribblingLess10m,ShotWide,,lossOfPossession,right,L. Assignon,VfB Stuttgart,,open_play,"(0, 22)"
18909700000906,Dortmund_Stuttgart,DFL-CLU-00000D,DFL-OBJ-0027YK,secondHalf,107243,2998566,36.32,15.23,22.17,13.88,0.77,0.0177,shotWide,False,False,False,1.0,1.67,50.82,1.95,rightLeg,,dribblingLess10m,ShotWide,otherPassFromOpenPlay,passOpenPlay,right,D. Undav,VfB Stuttgart,,long_range,"(0, 26)"
18909700000997,Dortmund_Stuttgart,DFL-CLU-00000D,DFL-OBJ-0027YK,secondHalf,117409,3018898,31.78,-11.7,23.96,15.28,0.17,0.0289,shotWide,False,False,False,1.0,1.96,50.53,-1.2,rightLeg,,dribblingLess10m,ShotWide,otherPassFromOpenPlay,passOpenPlay,right,D. Undav,VfB Stuttgart,,long_range,"(0, 26)"
18909700001113,Dortmund_Stuttgart,DFL-CLU-00000D,DFL-OBJ-002G41,secondHalf,125475,3035030,37.44,11.43,18.88,17.74,0.36,0.0678,savedShot,False,False,False,1.0,1.83,50.67,2.21,rightLeg,,dribblingLess10m,SavedShot,otherPassFromOpenPlay,passOpenPlay,right,J. Leweling,VfB Stuttgart,,open_play,"(0, 18)"
18909700001215,Dortmund_Stuttgart,DFL-CLU-00000D,DFL-OBJ-002GCQ,secondHalf,136602,3057284,32.68,-10.04,22.28,16.77,0.0,0.0895,blockedShot,False,True,False,5.0,0.6,51.9,0.28,leftLeg,,setPiece,BlockedShot,fouled,freeKick,left,A. Stiller,VfB Stuttgart,,dead_ball,"(0, 6)"
18909700001222,Dortmund_Stuttgart,DFL-CLU-00000D,DFL-OBJ-0027YK,secondHalf,137541,3059162,48.09,4.48,6.39,50.24,0.44,0.2382,successfulShot,False,False,False,0.0,0.49,52.0,1.92,rightLeg,frontalVolley,volley,SuccessfulShot,header,cornerKick,right,D. Undav,VfB Stuttgart,,header,"(0, 26)"
18909700001267,Dortmund_Stuttgart,DFL-CLU-00000D,DFL-OBJ-0028I9,secondHalf,143724,3071528,32.78,10.57,22.37,16.51,0.36,0.0259,shotWide,False,False,False,2.0,1.22,51.2,1.21,rightLeg,,controlShot,ShotWide,otherPassFromOpenPlay,passOpenPlay,right,Chris Führich,VfB Stuttgart,,long_range,"(0, 10)"
18909700001337,Dortmund_Stuttgart,DFL-CLU-000007,DFL-OBJ-J01BSN,secondHalf,149430,3082940,-30.15,-1.43,22.44,18.5,0.37,0.0437,shotWide,False,False,False,2.0,2.37,-50.13,-0.04,rightLeg,,direct,ShotWide,otherPassFromOpenPlay,passOpenPlay,right,Felix Nmecha,Borussia Dortmund,,long_range,"(1, 8)"
18909700001379,Dortmund_Stuttgart,DFL-CLU-00000D,DFL-OBJ-0028I9,secondHalf,154208,3092496,44.47,13.64,15.95,14.04,0.5,0.0683,savedShot,False,False,False,0.0,2.1,50.59,4.53,leftLeg,,dribblingLess10m,SavedShot,longPassFromOpenPlay,passOpenPlay,left,Chris Führich,VfB Stuttgart,,open_play,"(0, 10)"
18909700001404,Dortmund_Stuttgart,DFL-CLU-000007,DFL-OBJ-J01E9X,secondHalf,156041,3096162,-41.7,-6.41,12.68,28.68,0.47,0.4321,savedShot,False,False,False,0.0,6.7,-45.79,-4.12,leftLeg,,dribblingLess10m,SavedShot,longPassFromOpenPlay,passOpenPlay,left,Karim Adeyemi,Borussia Dortmund,,oneV,"(1, 27)"
18909700001486,Dortmund_Stuttgart,DFL-CLU-000007,DFL-OBJ-J01E9X,secondHalf,165118,3114316,-42.97,-1.03,9.66,41.34,0.82,0.2931,successfulShot,False,False,False,1.0,3.5,-49.0,-1.62,leftLeg,,direct,SuccessfulShot,otherPassFromOpenPlay,passOpenPlay,left,Karim Adeyemi,Borussia Dortmund,,open_play,"(1, 27)"
18909700001498,Dortmund_Stuttgart,DFL-CLU-00000D,DFL-OBJ-0027YK,secondHalf,168112,3120304,40.07,0.49,12.43,32.79,0.87,0.0412,successfulShot,False,False,False,1.0,2.44,50.05,0.29,rightLeg,,controlShot,SuccessfulShot,otherPassFromOpenPlay,passOpenPlay,right,D. Undav,VfB Stuttgart,,open_play,"(0, 26)"
18905200000014,Frankfurt_Bayern,DFL-CLU-00000G,DFL-OBJ-J01DA7,firstHalf,10373,3332759,47.87,4.14,6.39,52.48,0.45,0.8951,successfulShot,False,False,False,0.0,1.38,51.17,-2.04,leftLeg,,direct,SuccessfulShot,otherPassFromOpenPlay,passOpenPlay,left,Luis Díaz,FC Bayern München,,oneV,"(0, 14)"
18905200000034,Frankfurt_Bayern,DFL-CLU-00000F,DFL-OBJ-J01LMN,firstHalf,13114,3338241,-33.69,12.22,22.52,15.73,0.49,0.03,shotWide,False,False,False,1.0,1.35,-51.17,1.63,rightLeg,,dribblingMore10m,ShotWide,otherPassFromOpenPlay,passOpenPlay,right,Can Uzun,Eintracht Frankfurt,,long_range,"(1, 42)"
18905200000130,Frankfurt_Bayern,DFL-CLU-00000F,DFL-OBJ-J01FYN,firstHalf,19415,3350843,-30.77,-7.08,22.86,17.35,0.39,0.024,shotWide,False,False,False,2.0,1.05,-51.45,-0.44,rightLeg,,controlShot,ShotWide,otherPassFromOpenPlay,passOpenPlay,right,Aurélio Buta,Eintracht Frankfurt,,long_range,"(1, 24)"
18905200000186,Frankfurt_Bayern,DFL-CLU-00000F,DFL-OBJ-002GJN,firstHalf,23531,3359075,-45.41,4.48,8.56,41.64,0.92,0.3055,savedShot,False,False,False,0.0,5.66,-46.89,3.58,leftLeg,,direct,SavedShot,teammateAction,lossOfPossession,left,R. Dōan,Eintracht Frankfurt,,oneV,"(1, 20)"
18905200000509,Frankfurt_Bayern,DFL-CLU-00000G,DFL-OBJ-J00ZZ3,firstHalf,50183,3412379,32.89,-7.88,21.16,18.32,0.48,0.0444,successfulShot,False,False,False,1.0,2.35,50.14,-1.32,rightLeg,,controlShot,SuccessfulShot,otherPassFromOpenPlay,passOpenPlay,right,Harry Kane,FC Bayern München,,open_play,"(0, 9)"
18905200000567,Frankfurt_Bayern,DFL-CLU-00000G,DFL-OBJ-J01DA7,firstHalf,55981,3423975,42.15,13.49,17.16,15.33,0.09,0.0655,shotWide,False,False,False,0.0,2.26,50.23,2.77,rightLeg,,direct,ShotWide,otherPassFromOpenPlay,passOpenPlay,right,Luis Díaz,FC Bayern München,,open_play,"(0, 14)"
18905200000743,Frankfurt_Bayern,DFL-CLU-00000F,DFL-OBJ-J01TPA,firstHalf,69215,3450443,-32.23,-14.39,25.05,13.68,0.16,0.0248,shotWide,False,False,False,1.0,1.68,-50.83,-2.04,rightLeg,,dribblingMore10m,ShotWide,otherPassFromOpenPlay,run,right,Jean-Mattéo Bahoya,Eintracht Frankfurt,,long_range,"(1, 19)"
18905200000814,Frankfurt_Bayern,DFL-CLU-00000G,DFL-OBJ-0027G6,firstHalf,74537,3461087,34.98,-17.11,24.5,12.33,0.24,0.0194,shotWide,False,False,False,1.0,1.98,50.51,-2.46,rightLeg,,dribblingMore10m,ShotWide,otherPassFromOpenPlay,passOpenPlay,right,Serge Gnabry,FC Bayern München,,long_range,"(0, 7)"
18905200000853,Frankfurt_Bayern,DFL-CLU-00000F,DFL-OBJ-002FU7,firstHalf,78008,3468029,-41.17,12.0,16.52,17.77,0.66,0.0548,shotWide,False,False,False,1.0,1.38,-51.14,2.82,rightLeg,,dribblingLess10m,ShotWide,otherPassFromOpenPlay,passOpenPlay,right,Jonathan Burkardt,Eintracht Frankfurt,,open_play,"(1, 9)"
18905200000984,Frankfurt_Bayern,DFL-CLU-00000G,DFL-OBJ-0027G6,secondHalf,107098,3540549,-39.29,0.55,13.27,30.83,0.58,0.1562,shotWide,False,False,False,1.0,2.27,-50.22,0.4,rightLeg,,direct,ShotWide,otherPassFromOpenPlay,passOpenPlay,right,Serge Gnabry,FC Bayern München,,open_play,"(0, 7)"
18905200001060,Frankfurt_Bayern,DFL-CLU-00000G,DFL-OBJ-0027G6,secondHalf,112793,3551939,-41.55,-3.28,11.43,34.46,0.59,0.1636,blockedShot,False,False,False,2.0,1.84,-50.65,-1.2,leftLeg,,dribblingLess10m,BlockedShot,crossFromOpenPlay,crossOpenPlay,left,Serge Gnabry,FC Bayern München,,open_play,"(0, 7)"
18905200001069,Frankfurt_Bayern,DFL-CLU-00000G,DFL-OBJ-0027KL,secondHalf,114200,3554753,-45.55,2.04,7.16,53.06,1.45,0.0232,otherShot,False,False,False,2.0,1.02,-51.48,0.52,rightLeg,frontalVolley,volley,OtherShot,crossFromOpenPlay,crossOpenPlay,right,Dayot Upamecano,FC Bayern München,,volley,"(0, 2)"
18905200001181,Frankfurt_Bayern,DFL-CLU-00000G,DFL-OBJ-0027G6,secondHalf,123158,3572669,-37.17,-4.02,15.88,25.23,0.74,0.0918,blockedShot,False,False,False,1.0,2.25,-50.24,-1.28,leftLeg,,dribblingLess10m,BlockedShot,otherPassFromOpenPlay,passOpenPlay,left,Serge Gnabry,FC Bayern München,,open_play,"(0, 7)"
18905200001249,Frankfurt_Bayern,DFL-CLU-00000G,DFL-OBJ-0002F5,secondHalf,127330,3581013,-30.53,-4.75,22.51,18.07,0.34,0.0428,blockedShot,False,False,False,2.0,1.91,-50.59,-0.92,rightLeg,,dribblingLess10m,BlockedShot,otherPassFromOpenPlay,passOpenPlay,right,Joshua Kimmich,FC Bayern München,,long_range,"(0, 6)"
18905200001330,Frankfurt_Bayern,DFL-CLU-00000F,DFL-OBJ-002GJN,secondHalf,136922,3600197,33.56,3.34,19.3,21.18,0.21,0.0676,shotWide,False,False,False,3.0,0.97,51.53,1.68,leftLeg,,direct,ShotWide,otherPassFromOpenPlay,passOpenPlay,left,R. Dōan,Eintracht Frankfurt,,open_play,"(1, 20)"
18905200001562,Frankfurt_Bayern,DFL-CLU-00000G,DFL-OBJ-J01DA7,secondHalf,157798,3641949,-45.31,-10.52,12.86,19.57,0.27,0.146,successfulShot,False,False,False,0.0,2.32,-50.21,-3.66,leftLeg,,dribblingMore10m,SuccessfulShot,otherPassFromOpenPlay,passOpenPlay,left,Luis Díaz,FC Bayern München,,open_play,"(0, 14)"
18903400000067,Frankfurt_Union,DFL-CLU-00000F,DFL-OBJ-J01DNM,firstHalf,19078,2808312,-32.36,-14.24,24.79,13.89,0.09,0.02,savedShot,False,False,False,0.0,2.02,-50.47,-1.75,leftLeg,,dribblingMore10m,SavedShot,otherPassFromOpenPlay,passOpenPlay,left,N. Brown,Eintracht Frankfurt,,long_range,"(1, 21)"
18903400000103,Frankfurt_Union,DFL-CLU-00000V,DFL-OBJ-J01WS3,firstHalf,22305,2814766,29.25,-11.05,25.73,14.7,0.28,0.03,successfulShot,False,False,False,1.0,2.12,50.38,-1.87,rightLeg,,dribblingLess10m,SuccessfulShot,,lossOfPossession,right,I. Ansah,1. FC Union Berlin,,long_range,"(0, 10)"
18903400000130,Frankfurt_Union,DFL-CLU-00000V,DFL-OBJ-0027FW,firstHalf,26205,2822566,41.89,-17.6,20.69,10.76,0.41,0.023,shotWide,False,False,False,1.0,1.72,50.06,-2.38,rightLeg,,dribblingMore10m,ShotWide,,lossOfPossession,right,Oliver Burke,1. FC Union Berlin,,open_play,"(0, 7)"
18903400000204,Frankfurt_Union,DFL-CLU-00000F,DFL-OBJ-J01XEE,firstHalf,32595,2835346,-30.8,14.13,26.0,13.54,0.59,0.018,savedShot,False,False,False,1.0,2.03,-50.47,1.54,rightLeg,,dribblingMore10m,SavedShot,otherPassFromOpenPlay,passOpenPlay,right,F. Chaïbi,Eintracht Frankfurt,,long_range,"(1, 8)"
18903400000246,Frankfurt_Union,DFL-CLU-00000F,DFL-OBJ-J01LMN,firstHalf,35982,2842120,-34.33,-13.52,22.64,14.88,1.07,0.0212,blockedShot,False,False,False,2.0,1.54,-50.95,-1.17,rightLeg,,dribblingLess10m,BlockedShot,otherPassFromOpenPlay,passOpenPlay,right,Can Uzun,Eintracht Frankfurt,,long_range,"(1, 42)"
18903400000275,Frankfurt_Union,DFL-CLU-00000F,DFL-OBJ-002GJN,firstHalf,38371,2846898,-31.28,14.55,25.8,13.41,0.07,0.0192,blockedShot,False,False,False,3.0,0.88,-51.57,0.83,leftLeg,,direct,BlockedShot,freeKick,freeKick,left,R. Dōan,Eintracht Frankfurt,,dead_ball,"(1, 20)"
18903400000282,Frankfurt_Union,DFL-CLU-00000F,DFL-OBJ-J01LMN,firstHalf,39154,2848464,-36.73,5.73,16.84,23.22,0.23,0.0965,savedShot,False,False,False,3.0,1.21,-51.3,1.48,rightLeg,,direct,SavedShot,otherPassFromOpenPlay,passOpenPlay,right,Can Uzun,Eintracht Frankfurt,,open_play,"(1, 42)"
18903400000461,Frankfurt_Union,DFL-CLU-00000F,DFL-OBJ-J01TPA,firstHalf,55428,2881012,-40.8,13.08,17.73,16.0,0.54,0.0468,blockedShot,False,False,False,1.0,1.86,-50.62,2.65,rightLeg,,dribblingMore10m,BlockedShot,otherPassFromOpenPlay,run,right,Jean-Mattéo Bahoya,Eintracht Frankfurt,,open_play,"(1, 19)"
18903400000471,Frankfurt_Union,DFL-CLU-00000V,DFL-OBJ-0027FW,firstHalf,56747,2883650,38.38,-2.78,14.68,27.56,0.3,0.4299,successfulShot,False,False,False,0.0,7.38,45.07,-1.49,rightLeg,,dribblingMore10m,SuccessfulShot,otherPassFromOpenPlay,run,right,Oliver Burke,1. FC Union Berlin,,oneV,"(0, 7)"
18903400000515,Frankfurt_Union,DFL-CLU-00000F,DFL-OBJ-002GJN,firstHalf,62397,2894950,-45.12,14.61,16.63,11.91,0.48,0.0434,savedShot,False,False,False,0.0,1.76,-50.75,3.33,rightLeg,,dribblingLess10m,SavedShot,otherPassFromOpenPlay,passOpenPlay,right,R. Dōan,Eintracht Frankfurt,,open_play,"(1, 20)"
18903400000645,Frankfurt_Union,DFL-CLU-00000F,DFL-OBJ-J01QYF,firstHalf,73789,2917734,-45.7,-3.14,7.59,49.05,0.88,0.1154,shotWide,False,False,False,1.0,1.52,-50.99,-2.17,leftLeg,,direct,ShotWide,otherPassFromOpenPlay,passOpenPlay,left,Elye Wahi,Eintracht Frankfurt,,open_play,"(1, 17)"
18903400000716,Frankfurt_Union,DFL-CLU-00000F,DFL-OBJ-J01TPA,firstHalf,78758,2927672,-41.35,5.79,12.68,29.31,0.99,0.0978,blockedShot,False,False,False,3.0,1.61,-50.88,2.41,leftLeg,,direct,BlockedShot,otherPassFromOpenPlay,passOpenPlay,left,Jean-Mattéo Bahoya,Eintracht Frankfurt,,open_play,"(1, 19)"
18903400000771,Frankfurt_Union,DFL-CLU-00000F,DFL-OBJ-J01DNM,firstHalf,81990,2934136,-30.91,-12.22,15.48,24.47,0.57,0.0611,successfulShot,False,False,False,0.0,1.71,-50.63,-1.0,rightLeg,,dribblingMore10m,SuccessfulShot,otherPassFromOpenPlay,passOpenPlay,right,N. Brown,Eintracht Frankfurt,,oneV,"(1, 21)"
18903400000866,Frankfurt_Union,DFL-CLU-00000V,DFL-OBJ-J021ZE,secondHalf,106091,3000977,-36.36,0.73,16.27,25.33,1.03,0.0202,savedShot,False,False,False,1.0,2.43,-50.15,1.21,head,frontalVolley,volley,SavedShot,freeKick,freeKick,,A. Ilić,1. FC Union Berlin,,dead_ball,"(0, 23)"
18903400000894,Frankfurt_Union,DFL-CLU-00000F,DFL-OBJ-J01LMN,secondHalf,109098,3006991,42.14,-0.88,10.42,38.62,1.63,0.053,shotWide,False,False,False,3.0,0.66,51.87,-0.01,head,frontalVolley,volley,ShotWide,freeKick,freeKick,,Can Uzun,Eintracht Frankfurt,,dead_ball,"(1, 42)"
18903400000920,Frankfurt_Union,DFL-CLU-00000V,DFL-OBJ-0027FW,secondHalf,111275,3011345,-46.89,2.14,6.23,59.23,1.06,0.2891,successfulShot,False,False,False,0.0,1.14,-51.38,0.12,upperBody,frontalVolley,volley,SuccessfulShot,otherPassFromOpenPlay,passOpenPlay,,Oliver Burke,1. FC Union Berlin,,volley,"(0, 7)"
18903400000940,Frankfurt_Union,DFL-CLU-00000V,DFL-OBJ-0027FW,secondHalf,115531,3019857,-38.86,-0.41,13.93,29.43,0.39,0.4305,successfulShot,False,False,False,0.0,10.31,-42.02,0.22,rightLeg,chip,dribblingMore10m,SuccessfulShot,otherPassFromOpenPlay,passOpenPlay,right,Oliver Burke,1. FC Union Berlin,,oneV,"(0, 7)"
18903400001007,Frankfurt_Union,DFL-CLU-00000F,DFL-OBJ-J01VX4,secondHalf,121910,3032615,39.17,-0.4,13.24,30.9,0.78,0.1175,savedShot,False,False,False,1.0,1.75,50.77,-0.26,rightLeg,,direct,SavedShot,teammateAction,passOpenPlay,right,Hugo Larsson,Eintracht Frankfurt,,open_play,"(1, 16)"
18903400001234,Frankfurt_Union,DFL-CLU-00000F,DFL-OBJ-002GJN,secondHalf,142918,3074631,32.97,-9.64,21.74,17.25,0.67,0.0404,savedShot,False,False,False,1.0,1.72,50.79,-0.37,leftLeg,,dribblingLess10m,SavedShot,otherPassFromOpenPlay,passOpenPlay,left,R. Dōan,Eintracht Frankfurt,,open_play,"(1, 20)"
18903400001298,Frankfurt_Union,DFL-CLU-00000V,DFL-OBJ-0027FW,secondHalf,148970,3086735,-42.96,-3.48,10.33,37.47,0.55,0.4326,savedShot,False,False,False,0.0,7.58,-44.74,-2.17,rightLeg,,dribblingLess10m,SavedShot,otherPassFromOpenPlay,passOpenPlay,right,Oliver Burke,1. FC Union Berlin,,oneV,"(0, 7)"
18903400001306,Frankfurt_Union,DFL-CLU-00000F,DFL-OBJ-0028L8,secondHalf,149525,3087845,42.88,4.29,10.45,36.21,0.87,0.1277,blockedShot,False,False,False,1.0,1.36,51.16,1.58,leftLeg,,direct,BlockedShot,otherPassFromOpenPlay,passOpenPlay,left,Michy Batshuayi,Eintracht Frankfurt,,open_play,"(1, 30)"
18903400001339,Frankfurt_Union,DFL-CLU-00000F,DFL-OBJ-J01LMN,secondHalf,152279,3093353,39.45,4.88,14.02,27.71,0.44,0.0834,successfulShot,False,False,False,3.0,1.17,51.39,0.84,rightLeg,,direct,SuccessfulShot,otherPassFromOpenPlay,passOpenPlay,right,Can Uzun,Eintracht Frankfurt,,open_play,"(1, 42)"
18903400001378,Frankfurt_Union,DFL-CLU-00000F,DFL-OBJ-002FU7,secondHalf,162465,3113725,41.61,0.73,11.0,37.0,0.0,0.767,successfulShot,True,False,False,0.0,0.0,51.98,-0.98,rightLeg,,setPiece,SuccessfulShot,fouled,penaltyKick,right,Jonathan Burkardt,Eintracht Frankfurt,,dead_ball,"(1, 9)"
18903400001388,Frankfurt_Union,DFL-CLU-00000V,DFL-OBJ-002FVR,secondHalf,166249,3121293,-46.8,-22.49,23.23,4.52,0.05,0.0272,blockedShot,False,True,False,3.0,1.14,-51.37,-0.66,rightLeg,,setPiece,BlockedShot,fouled,freeKick,right,W. Jeong,1. FC Union Berlin,,dead_ball,"(0, 11)"
18903400001401,Frankfurt_Union,DFL-CLU-00000V,DFL-OBJ-J020KQ,secondHalf,166638,3122071,-23.95,3.3,28.82,14.39,0.4,0.0243,blockedShot,False,False,False,1.0,3.07,-45.2,0.18,rightLeg,,dribblingLess10m,BlockedShot,teammateAction,lossOfPossession,right,L. Querfeld,1. FC Union Berlin,,long_range,"(0, 14)"
18903400001413,Frankfurt_Union,DFL-CLU-00000V,DFL-OBJ-0002DW,secondHalf,168423,3125641,-41.41,12.8,17.05,16.56,1.09,0.039,blockedShot,False,False,False,2.0,1.62,-50.89,3.18,rightLeg,,direct,BlockedShot,teammateAction,throwIn,right,J. Haberer,1. FC Union Berlin,,open_play,"(0, 19)"
18903400001415,Frankfurt_Union,DFL-CLU-00000V,DFL-OBJ-J01ND9,secondHalf,168487,3125769,-42.21,9.39,14.09,22.18,1.19,0.0857,blockedShot,False,False,False,1.0,2.08,-50.41,2.58,leftLeg,,dribblingLess10m,BlockedShot,shot,throwIn,left,A. Kemlein,1. FC Union Berlin,,open_play,"(0, 6)"
18903400001460,Frankfurt_Union,DFL-CLU-00000V,DFL-OBJ-002FVR,secondHalf,172693,3134181,-35.93,9.63,19.17,18.94,0.55,0.058,shotWide,False,False,False,2.0,1.74,-50.75,1.31,rightLeg,,dribblingLess10m,ShotWide,otherPassFromOpenPlay,passOpenPlay,right,W. Jeong,1. FC Union Berlin,,open_play,"(0, 11)"
18903400001465,Frankfurt_Union,DFL-CLU-00000F,DFL-OBJ-0025W7,secondHalf,173190,3135175,37.09,-0.64,15.45,26.63,1.31,0.0426,shotWide,False,False,False,2.0,1.47,51.08,-0.42,head,frontalVolley,volley,ShotWide,longPassFromOpenPlay,passOpenPlay,,Robin Koch,Eintracht Frankfurt,,header,"(1, 4)"
18903400001539,Frankfurt_Union,DFL-CLU-00000F,DFL-OBJ-J01LMN,secondHalf,178983,3146761,29.17,11.97,26.18,14.22,0.69,0.0221,blockedShot,False,False,False,2.0,1.45,51.06,0.72,rightLeg,,dribblingMore10m,BlockedShot,otherPassFromOpenPlay,passOpenPlay,right,Can Uzun,Eintracht Frankfurt,,long_range,"(1, 42)"
18909300000128,Union_Bayern,DFL-CLU-00000V,DFL-OBJ-0002DW,firstHalf,20274,2811112,39.12,-13.68,19.3,15.44,0.4,0.062,blockedShot,False,False,False,1.0,1.99,50.53,-2.94,rightLeg,,dribblingLess10m,BlockedShot,otherPassFromOpenPlay,passOpenPlay,right,J. Haberer,1. FC Union Berlin,,open_play,"(1, 19)"
18909300000142,Union_Bayern,DFL-CLU-00000V,DFL-OBJ-J01KAI,firstHalf,21592,2813748,42.83,13.04,16.25,15.97,0.63,0.0629,blockedShot,False,False,False,2.0,1.17,51.34,2.94,leftLeg,,direct,BlockedShot,otherPassFromOpenPlay,passOpenPlay,left,Tom Rothe,1. FC Union Berlin,,open_play,"(1, 15)"
18909300000416,Union_Bayern,DFL-CLU-00000V,DFL-OBJ-J01GQO,firstHalf,49392,2869348,43.13,-3.75,10.04,38.04,2.52,0.086,successfulShot,False,False,False,3.0,0.64,51.88,-1.49,rightLeg,,direct,SuccessfulShot,cornerKick,cornerKick,right,Danilho Doekhi,1. FC Union Berlin,,open_play,"(1, 5)"
18909300000470,Union_Bayern,DFL-CLU-00000V,DFL-OBJ-J01WS3,firstHalf,55394,2881352,33.54,-10.23,21.47,17.21,1.14,0.0289,savedShot,False,False,False,3.0,1.23,51.28,-1.88,rightLeg,,dribblingLess10m,SavedShot,otherPassFromOpenPlay,passOpenPlay,right,I. Ansah,1. FC Union Berlin,,open_play,"(1, 10)"
18909300000535,Union_Bayern,DFL-CLU-00000G,DFL-OBJ-J00ZZ3,firstHalf,59418,2889400,-41.53,-7.53,13.31,26.14,1.11,0.0925,blockedShot,False,False,False,1.0,1.53,-50.97,-2.19,leftLeg,,dribblingLess10m,BlockedShot,otherPassFromOpenPlay,passOpenPlay,left,Harry Kane,FC Bayern München,,open_play,"(0, 9)"
18909300000595,Union_Bayern,DFL-CLU-00000G,DFL-OBJ-J01DA7,firstHalf,66132,2902828,-52.09,-12.24,12.35,1.33,0.07,0.0605,successfulShot,False,False,False,1.0,1.05,-51.8,-4.47,rightLeg,,dribblingLess10m,SuccessfulShot,otherPassFromOpenPlay,passOpenPlay,right,Luis Díaz,FC Bayern München,,open_play,"(0, 14)"
18909300000654,Union_Bayern,DFL-CLU-00000V,DFL-OBJ-J01WS3,firstHalf,75759,2922082,41.14,12.91,17.22,16.43,0.92,0.0616,savedShot,False,False,False,5.0,6.53,46.7,6.68,leftLeg,,dribblingLess10m,SavedShot,teammateAction,passOpenPlay,left,I. Ansah,1. FC Union Berlin,,open_play,"(1, 10)"
18909300000668,Union_Bayern,DFL-CLU-00000G,DFL-OBJ-J01DA7,firstHalf,76485,2923534,-39.55,-3.98,13.82,28.59,0.19,0.5041,shotWide,False,False,False,0.0,8.02,-44.42,-2.22,rightLeg,,dribblingMore10m,ShotWide,longPassFromOpenPlay,passOpenPlay,right,Luis Díaz,FC Bayern München,,oneV,"(0, 14)"
18909300000710,Union_Bayern,DFL-CLU-00000G,DFL-OBJ-J00ZZ3,firstHalf,80414,2931392,-37.71,10.35,18.03,19.18,0.71,0.0689,blockedShot,False,False,False,2.0,2.04,-50.45,2.17,rightLeg,,dribblingLess10m,BlockedShot,otherPassFromOpenPlay,passOpenPlay,right,Harry Kane,FC Bayern München,,open_play,"(0, 9)"
18909300000720,Union_Bayern,DFL-CLU-00000G,DFL-OBJ-J01R3R,firstHalf,81641,2933846,-38.06,9.61,17.37,20.18,0.43,0.0718,savedShot,False,False,False,3.0,1.77,-50.72,1.88,leftLeg,,direct,SavedShot,otherPassFromOpenPlay,crossOpenPlay,left,Michael Olise,FC Bayern München,,open_play,"(0, 17)"
18909300000931,Union_Bayern,DFL-CLU-00000V,DFL-OBJ-J01ND9,secondHalf,116725,3022966,-30.56,-7.69,23.25,16.95,0.81,0.0244,blockedShot,False,False,False,3.0,0.87,-51.58,-1.23,leftLeg,,dribblingLess10m,BlockedShot,throwIn,throwIn,left,A. Kemlein,1. FC Union Berlin,,long_range,"(1, 6)"
18909300000953,Union_Bayern,DFL-CLU-00000V,DFL-OBJ-0002DW,secondHalf,118040,3025596,-40.68,12.01,16.92,17.66,0.26,0.074,shotWide,False,False,False,1.0,1.76,-50.74,2.87,rightLeg,,dribblingLess10m,ShotWide,crossFromOpenPlay,crossOpenPlay,right,J. Haberer,1. FC Union Berlin,,cutback,"(1, 19)"
18909300000998,Union_Bayern,DFL-CLU-00000G,DFL-OBJ-J01R3R,secondHalf,121845,3033206,43.55,-13.52,16.43,14.67,0.04,0.0655,savedShot,False,False,False,0.0,1.72,50.77,-2.82,leftLeg,,direct,SavedShot,otherPassFromOpenPlay,passOpenPlay,left,Michael Olise,FC Bayern München,,open_play,"(0, 17)"
18909300001068,Union_Bayern,DFL-CLU-00000G,DFL-OBJ-0001UP,secondHalf,127777,3045070,46.38,-14.09,15.42,11.42,0.45,0.0325,shotWide,False,False,False,1.0,1.08,51.43,-2.98,rightLeg,frontalVolley,volley,ShotWide,longPassFromOpenPlay,passOpenPlay,right,Jonathan Tah,FC Bayern München,,volley,"(0, 4)"
18909300001128,Union_Bayern,DFL-CLU-00000G,DFL-OBJ-000191,secondHalf,133121,3055758,29.59,-1.1,22.94,18.11,0.37,0.0253,blockedShot,False,False,False,4.0,1.03,51.49,-0.36,rightLeg,,dribblingLess10m,BlockedShot,otherPassFromOpenPlay,passOpenPlay,right,Leon Goretzka,FC Bayern München,,long_range,"(0, 8)"
18909300001195,Union_Bayern,DFL-CLU-00000G,DFL-OBJ-000191,secondHalf,138720,3066956,38.21,-6.69,15.69,24.12,0.79,0.0722,shotWide,False,False,False,1.0,1.37,51.12,-1.33,rightLeg,,dribblingLess10m,ShotWide,otherPassFromOpenPlay,passOpenPlay,right,Leon Goretzka,FC Bayern München,,open_play,"(0, 8)"
18909300001235,Union_Bayern,DFL-CLU-00000G,DFL-OBJ-J01R3R,secondHalf,142556,3074628,36.1,-12.3,20.48,16.44,0.66,0.0334,blockedShot,False,False,False,3.0,1.27,51.2,-1.6,leftLeg,,dribblingLess10m,BlockedShot,otherPassFromOpenPlay,passOpenPlay,left,Michael Olise,FC Bayern München,,open_play,"(0, 17)"
18909300001304,Union_Bayern,DFL-CLU-00000V,DFL-OBJ-J01WS3,secondHalf,147331,3084178,-29.54,-17.08,28.73,11.72,0.89,0.0159,savedShot,False,False,False,1.0,1.74,-50.8,-1.83,rightLeg,,dribblingMore10m,SavedShot,otherPassFromOpenPlay,passOpenPlay,right,I. Ansah,1. FC Union Berlin,,long_range,"(1, 10)"
18909300001399,Union_Bayern,DFL-CLU-00000V,DFL-OBJ-J01GQO,secondHalf,155691,3100898,-46.41,-2.43,6.61,56.05,1.33,0.3321,successfulShot,False,False,False,2.0,0.75,-51.7,-1.68,leftLeg,,controlShot,SuccessfulShot,freeKick,freeKick,left,Danilho Doekhi,1. FC Union Berlin,,dead_ball,"(1, 5)"
18909300001479,Union_Bayern,DFL-CLU-00000V,DFL-OBJ-J01GSO,secondHalf,163070,3115656,-30.34,19.35,29.52,10.76,0.63,0.0191,shotWide,False,False,False,1.0,2.12,-50.47,2.36,rightLeg,,dribblingMore10m,ShotWide,otherPassFromOpenPlay,run,right,J. Juranovic,1. FC Union Berlin,,long_range,"(1, 18)"
18909300001513,Union_Bayern,DFL-CLU-00000V,DFL-OBJ-002659,secondHalf,167069,3123654,10.43,-14.4,64.58,6.33,0.23,0.025,shotWide,False,False,False,0.0,32.51,-13.91,-6.35,rightLeg,,dribblingLess10m,ShotWide,,lossOfPossession,right,T. Skarke,1. FC Union Berlin,,long_range,"(1, 21)"
18909300001561,Union_Bayern,DFL-CLU-00000G,DFL-OBJ-J00ZZ3,secondHalf,171087,3131690,45.55,1.31,7.23,53.31,0.39,0.34,successfulShot,False,False,False,0.0,0.77,51.78,0.42,head,frontalVolley,volley,SuccessfulShot,otherPassFromOpenPlay,passOpenPlay,,Harry Kane,FC Bayern München,,header,"(0, 9)"
18909300001600,Union_Bayern,DFL-CLU-00000G,DFL-OBJ-J00ZZ3,secondHalf,175733,3140982,31.21,10.05,23.56,16.07,0.39,0.0278,blockedShot,False,False,False,2.0,1.62,50.9,0.91,rightLeg,,dribblingLess10m,BlockedShot,otherPassFromOpenPlay,passOpenPlay,right,Harry Kane,FC Bayern München,,long_range,"(0, 9)"
